{
  "Q3.3.1" : {
    "MaeForK=100" : 0.7562595282330156,
    "MaeForK=200" : 0.748457048681886
  },
  "Q3.3.2" : {
    "DurationInMicrosecForComputingKNN" : {
      "min" : 321625.09,
      "max" : 335484.608,
      "average" : 328883.6742,
      "stddev" : 4531.212037977797
    }
  },
  "Q3.3.3" : {
    "DurationInMicrosecForComputingPredictions" : {
      "min" : 1434117.678,
      "max" : 1461037.384,
      "average" : 1444921.0908,
      "stddev" : 9248.427683267688
    }
  }
}