{
  "Q3.2.1" : {
    "MaeForK=10" : 0.8407036862423994,
    "MaeForK=50" : 0.774940779636057,
    "MaeForK=200" : 0.7484566598676072,
    "MaeForK=943" : 0.7477653398324908,
    "MaeForK=100" : 0.7561353222065862,
    "MaeForK=30" : 0.7914221792247472,
    "MaeForK=800" : 0.7472390399184686,
    "MaeForK=400" : 0.7473922074499975,
    "LowestKWithBetterMaeThanBaseline" : 100,
    "LowestKMaeMinusBaselineMae" : 0.024522179224747198
  },
  "Q3.2.2" : {
    "MinNumberOfBytesForK=400" : 1468800,
    "MinNumberOfBytesForK=10" : 36720,
    "MinNumberOfBytesForK=100" : 367200,
    "MinNumberOfBytesForK=943" : 3462696,
    "MinNumberOfBytesForK=50" : 183600,
    "MinNumberOfBytesForK=200" : 734400,
    "MinNumberOfBytesForK=800" : 2937600,
    "MinNumberOfBytesForK=30" : 110160
  },
  "Q3.2.3" : {
    "SizeOfRamInBytes" : 8.0E9,
    "MaximumNumberOfUsersThatCanFitInRam" : 353107.34463276836
  }
}