{
  "Q2.3.3" : {
    "NumberOfSimilarityComputationsForU1BaseDataset" : 432837
  },
  "Q2.3.7" : {
    "DurationInMicrosecForComputingSimilarities" : {
      "min" : 1728379.996,
      "max" : 1991492.777,
      "average" : 1797767.775,
      "stddev" : 98024.93518726059
    },
    "AverageTimeInMicrosecPerSuv" : 4.153452165595825,
    "RatioBetweenTimeToComputeSimilarityOverTimeToPredict" : 0.15582839740490023
  },
  "Q2.3.4" : {
    "CosineSimilarityStatistics" : {
      "min" : 0.0,
      "max" : 582.0,
      "average" : 9.887613582018172,
      "stddev" : 15.25729658735809
    }
  },
  "Q2.3.5" : {
    "TotalBytesToStoreNonZeroSimilarityComputationsForU1BaseDataset" : 3100728
  },
  "Q2.3.1" : {
    "CosineBasedMae" : 0.7477653398324908,
    "CosineMinusBaselineDifference" : -0.0191346601675092
  },
  "Q2.3.6" : {
    "DurationInMicrosecForComputingPredictions" : {
      "min" : 1.1254052846E7,
      "max" : 1.2072389922E7,
      "average" : 1.15368431232E7,
      "stddev" : 288492.09744432126
    }
  },
  "Q2.3.2" : {
    "JaccardMae" : 0.7622501056973398,
    "JaccardMinusCosineDifference" : 0.014484765864848925
  }
}