{
  "Q2.3.3" : {
    "NumberOfSimilarityComputationsForU1BaseDataset" : 445096
  },
  "Q2.3.7" : {
    "DurationInMicrosecForComputingSimilarities" : {
      "min" : 1687535.962,
      "max" : 1911922.495,
      "average" : 1744446.398,
      "stddev" : 84447.51308758967
    },
    "AverageTimeInMicrosecPerSuv" : 4.030261733631829,
    "RatioBetweenTimeToComputeSimilarityOverTimeToPredict" : 0.1518524926447308
  },
  "Q2.3.4" : {
    "CosineSimilarityStatistics" : {
      "min" : 0.0,
      "max" : 685.0,
      "average" : 12.282026798713087,
      "stddev" : 18.520309549119712
    }
  },
  "Q2.3.5" : {
    "TotalBytesToStoreNonZeroSimilarityComputationsForU1BaseDataset" : 3299912
  },
  "Q2.3.1" : {
    "CosineBasedMae" : 0.7477653398324908,
    "CosineMinusBaselineDifference" : -0.0191346601675092
  },
  "Q2.3.6" : {
    "DurationInMicrosecForComputingPredictions" : {
      "min" : 1.1145715224E7,
      "max" : 1.1915748438E7,
      "average" : 1.14877692662E7,
      "stddev" : 292604.4758623429
    }
  },
  "Q2.3.2" : {
    "JaccardMae" : 0.7622501056973398,
    "JaccardMinusCosineDifference" : 0.014484765864848925
  }
}